M1_A,1,2,3,4,5,6,7,8,9,10,11,12
A,";FY4;FY4","RM11-1a;YJS6;AAA","CECT10266;YJS461;AVB","CLIB192_1b;YJS1300;AAM","CLIB272_2;YJS1303;AAQ","CLIB382_1b;YJS1304;AAR","YJM145_b;YJS1305;AAS","YJM280_b;YJS1306;AAT","YJM320b;YJS1307;AAV","YJM326_b;YJS1308;ABA","YJM413_b;YJS1309;ABB","YJM421_b;YJS1310;ABC"
B,"YJM434_1b;YJS1312;ABE",";FY4;FY4","YJM436_1b;YJS1313;ABF","YJM440_1b;YJS1314;ABG","YJM454_1b;YJS1315;ABH","YJM653_1b;YJS1316;ABI","YJM678_1b;YJS1317;ABK","CBS2888_1b;YJS1318;ABL","CBS3093_1b;YJS1319;ABM","CECT10109_1b;YJS1321;ABP","DBVPG1788_1b;YJS1322;ABQ","DBVPG1794_1b;YJS1323;ABR"
C,"DBVPG3591_1b;YJS1324;ABS","DBVPG4651_1b;YJS1325;ABT",";FY4;FY4","EM93_3;YJS1327;ACA","TL229S2.2;YJS1328;ACB","YPS1000_1b;YJS1329;ACC","YPS163_1b;YJS1330;ACD","CLIB294_1b;YJS1332;ACF","CLIB413_1b;YJS1333;ACG","CLIB483_1b;YJS1334;ACH","Y10_1b;YJS1335;ACI","Y12_1b;YJS1336;ACK"
D,"Y3_1b;YJS1337;ACL","Y9_4;YJS1338;ACM","YJM269_1b;YJS1339;ACN",";FY4;FY4","CLIB154_1b;YJS1340;ACP","CLIB219_2b;YJS1341;ACQ","DBVPG1339_1b;YJS1342;ACR","I14_1b;YJS1343;ACS","UC8_1b;YJS1344;ACT","WE372_1b;YJS1345;ACV","Y55_1b;YJS1346;ADA","Y9J_1b;YJS1347;ADB"
E,"UC1_1b;YJS1348;ADC","IL_01_b;YJS1349;ADD","PW5_b;YJS1350;ADE","YPS1009_b;YJS1351;ADF",";FY4;FY4","NC_02_b;YJS1352;ADG","T7_b;YJS1353;ADH","YJM981_b;YJS1354;ADI","K1_1;YJS1358;ADN","K12_2;YJS1360;ADQ","M22_1b;YJS1361;ADR","CBS422a;YJS2903;AAB"
F,"CBS7765;YJS2944;ADT","CBS7903;YJS2945;ADV","CBS7958;YJS2947;AEA","CBS6414;YJS3120;AEF","CBS7962;YJS3300;AEG",";FY4;FY4","CBS7964;YJS3302;AEH","CBS1428;YJS3304;AEI","CBS2806a;YJS3315;AAE","CBS4079;YJS3316;AEK","CBS2973;YJS3318;AEM","CBS1782;YJS3321;AEQ"
G,"CBS2970;YJS3325;AER","CBS4054;YJS3327;AES","CBS6007;YJS3328;AET","CBS7371;YJS3333;AFB","CBS7960;YJS3336;AFD","CBS1252;YJS3339;AFF",";FY4;FY4","CBS1387;YJS3340;AFG","CBS1509;YJS3342;AFH","CBS2183;YJS3348;AFI","CBS4456;YJS3351;AFL","CBS6412;YJS3353;AFM"
H,"CBS6413;YJS3355;AFN","CBS7993;YJS3360;AFQ","CBS7959;YJS3362;AFR","CBS2444;YJS3369;AGC","CBS1479;YJS3376;AGF","CBS1582;YJS3379;AGH","CBS2361;YJS3387;AGK",";FY4;FY4","CBS4458;YJS3388;AGL","CBS7961;YJS3390;AGM","CBS439;YJS3394;AGN","CBS1544;YJS3396;AGP"

M1_B,1,2,3,4,5,6,7,8,9,10,11,12
A,";FY4;FY4","CBS1594;YJS3399;AGR","CBS3013;YJS3401;AGS","CBS3078;YJS3403;AGT","CBS6223;YJS3405;AGV","CBS6333;YJS3407;AHA","CBS4734;YJS3411;AHB","CBS7963;YJS3413;AHC","CBS428a;YJS3415;AAG","CBS1192;YJS3417;AHD","CBS1194;YJS3419;AHE","CBS1388a;YJS3422;AAH"
B,"CBS1540;YJS3424;AHF",";FY4;FY4","CBS1586;YJS3426;AHG","CBS2966a;YJS3430;AAI","CBS3000;YJS3432;AHH","CBS6914;YJS3436;AHI","CBS2247;YJS3439;AHK","CBS3081;YJS3440;AHL","CBS3093;YJS3442;AHM","CBS4093a;YJS3444;AAK","CBS5635;YJS3446;AHN","CBS440;YJS3450;AHQ"
C,"CBS1227;YJS3452;AHR","CBS1419;YJS3454;AHS",";FY4;FY4","CBS1460;YJS3455;AHT","CBS1487;YJS3457;AHV","CBS2180;YJS3458;AIA","CBS2805;YJS3460;AIB","CBS2807;YJS3461;AIC","CBS2910;YJS3467;AIE","CBS1463;YJS3470;AIG","VF8_(6);YJS4091;APG","HE015;YJS4529;BCN"
D,"DBVPG1126;YJS4625;BIQ","S8BM-32-4D(a);YJS4709;CDA","CCY_21-4-93:6B;YJS4718;CDK",";FY4;FY4","DBVPG1617-5A;YJS4728;CEA","DBVPG1619-4B;YJS4729;CEB","CCY_21-4-89:7-3;YJS4739;CEM","IFO_0289:4-3(b);YJS4746;CEV","DBVPG6350;YJS5588;BRL","DBVPG6590;YJS5589;BRM","SM.9.1.BL7;YJS5639;BVE","1;YJS5682;CBK"
E,"UC5;YJS5908;CLQ","Y1;YJS135;ATB","CLIB409;YJS554;ASM","DBVPG6861;YJS1326;ABV",";FY4;FY4","CBS382;YJS2900;APP","CBS7957;YJS2946;AQH","CBS1230;YJS2994;AQT","CBS2246;YJS3062;ARN","CBS2441;YJS3070;AEE","CBS4092;YJS3091;ASA","CBS4455;YJS3094;ASC"
F,"NPA05a1;YJS4013;AKC","NPA05b1;YJS4014;AKD","21-4-114;YJS4045;ALR","21-4-124;YJS4048;ALV","21-4-125;YJS4049;AMA",";FY4;FY4","SJ7L01;YJS4055;AMG","SJ1L04;YJS4057;AMI","SJ6L01;YJS4058;AMK","SJ5L11;YJS4059;AML","YS10(E);YJS4094;APK","DJ65;YJS4501;AVV"
G,"YS19;YJS4508;APN","DJ66;YJS4509;BAA","2281;YJS4512;BBT","DJ68;YJS4517;BAB","#14;YJS4522;BDE","DJ70;YJS4525;BAC",";FY4;FY4","DJ71;YJS4533;BAD","DJ73;YJS4541;BAE","CCY_21-4-88;YJS4582;BBC","CLIB650;YJS4604;BEI","CLIB654;YJS4636;BEN"
H,"CLIB655;YJS4646;BHA","VNL3;YJS5202;CGH","368428S;YJS5506;BME","NCYC_2925;YJS5508;BMG","DBVPG1085;YJS5523;BNG","DBVPG1919;YJS5555;BPR","DBVPG5836;YJS5584;BRG",";FY4;FY4","NCYC_2798;YJS5616;BTA","77;YJS5617;BTB","CLQCA_17-111;YJS5693;CRE","Ponton,13;YJS5847;CIE"

M1_C,1,2,3,4,5,6,7,8,9,10,11,12
A,";FY4;FY4","RIB6002;YJS5919;CMG","FTPW4;YJS5967;CPS","SJ5L15;YJS5988;AMQ","CECT1462;YJS458;ATV","CLIB227;YJS510;ASH","CBS1171;YJS2957;AEB","CBS1239;YJS2997;ARA","CBS1254;YJS3002;ARB","CBS1464;YJS3364;AFT","A-6;YJS4076;ANL","A-18;YJS4077;ANM"
B,"EXF-5734;YJS4416;BFE",";FY4;FY4","EXF-5869;YJS4418;BFG","EXF-6835;YJS4427;BFM","CCY_21-4-106;YJS4519;BBG","CH02;YJS4548;AVN","#23;YJS4553;BCR","CLIB651;YJS4612;BEK","CLIB653;YJS4628;BEM","WLP530;YJS4800;CFC","WLP001;YJS4801;CFD","Safale_S40;YJS4804;CFG"
C,"WLP039;YJS4805;CFH","WLP013;YJS4806;CFI",";FY4;FY4","WLP090;YJS4809;CFM","WLP006;YJS4810;CFN","WLP565;YJS4811;CFP","UCD_40-255;YJS4965;CFS","UCD_06-645;YJS4970;CGC","NCYC_2780;YJS5512;BML","2680;YJS5524;BMM","DBVPG6694;YJS5591;BRP","DBVPG6695;YJS5592;BRQ"
D,"DBVPG6693;YJS5605;BSI","YS5(E);YJS5619;BTD","YS8(E);YJS5620;BTE",";FY4;FY4","SD-15;YJS5678;CBF","NCYC_1187;YJS5688;CBR","CLI_16;YJS5882;CKK","CLI_23;YJS5889;CKS","CLI_26;YJS5892;CLA","SJ5L13;YJS5986;AMN","CH06;YJS4556;AVP","CH11;YJS4564;AVR"
E,"CH10;YJS4572;AVQ","CH14;YJS4580;AVS","CH13;YJS4588;AVT","CBS1248;YJS2999;AEC",";FY4;FY4","","","","","","",""
F,"","","","","",";FY4;FY4","","","","","",""
G,"","","","","","",";FY4;FY4","","","","",""
H,"","","","","","","",";FY4;FY4","","","",""

M1_D,1,2,3,4,5,6,7,8,9,10,11,12
A,";FY4;FY4","RIB6007;YJS5924;CMM","RIB0007;YJS5925;CMN","YPS615;YJS5926;CMP","YPS617;YJS5927;CMQ","YPS670;YJS5929;CMS","SM.9.4.BR2;YJS5930;CMT","SM.8.2.C13;YJS5933;CNB","SM8.3.M5;YJS5934;CNC","SM.8.7.L8;YJS5936;CNE","SM.8.7.L9;YJS5937;CNF","SM.8.7.BR1;YJS5938;CNG"
B,"SM.8.8.BL1;YJS5939;CNH",";FY4;FY4","SM.8.8.CVR1;YJS5940;CNI","SA.1.5.;YJS5941;CNK","SA.9.2.BL3;YJS5942;CNL","SA.9.3.VR1;YJS5943;CNM","SA.9.4.VL4;YJS5944;CNN","SA.9.4.BR2;YJS5945;CNP","SA.10.1.VL1;YJS5946;CNQ","SA.10.1.VR4;YJS5947;CNR","RP11.4.1;YJS5948;CNS","RP11.4.11;YJS5949;CNT"
C,"RP11.4.14;YJS5950;CNV","906;YJS5951;CPA",";FY4;FY4","995;YJS5952;CPB","997;YJS5953;CPC","1175;YJS5954;CPD","1216;YJS5955;CPE","1235;YJS5956;CPF","1560;YJS5957;CPG","LCBG-3D6;YJS5959;CPI","LCBG-Mosca3;YJS5960;CPK","LCBG-4Y3;YJS5961;CPL"
D,"LCBG-3D2;YJS5962;CPM","LCBG-3Y3;YJS5963;CPN","LCBG-3D4;YJS5965;CPQ",";FY4;FY4","LCBG-3Y8;YJS5966;CPR","FTPW3;YJS5968;CPT","FTPW32;YJS5970;CQA","FTPW35;YJS5971;CQB","MTF2546;YJS5972;CQC","MTF2547;YJS5973;CQD","MTF2548;YJS5974;CQE","MTF2549;YJS5975;CQF"
E,"MTF2550;YJS5976;CQG","MTF2551;YJS5977;CQH","MTF2552;YJS5978;CQI","MTF2553;YJS5979;CQK",";FY4;FY4","MTF2554;YJS5980;CQL","MTF2555;YJS5981;CQM","MTF2556;YJS5982;CQN","MTF2557;YJS5983;CQP","RIB1006;YJS5984;CQQ","RIB1007;YJS5985;CQR","SJ5L14;YJS5987;AMP"
F,"","","M1.1;YJS5991;APH","","YJM1208;YJS6901;SACE_YBM",";FY4;FY4","YJM1242;YJS6902;SACE_YBN","YJM1244;YJS6903;SACE_YBO","YJM1248;YJS6904;SACE_YBP","YJM1388;YJS6905;SACE_YCJ","YJM1433;YJS6906;SACE_YCT","YJM1434;YJS6907;SACE_YCU"
G,"YJM1439;YJS6908;SACE_YCV","","","","","",";FY4;FY4","YJM1463;YJS6914;SACE_YDB","YJM1477;YJS6915;SACE_YDC","YJM1478;YJS6916;SACE_YDD","YJM1479;YJS6917;SACE_YDE","YJM1526;YJS6918;SACE_YDF"
H,"","YJM1549;YJS6920;SACE_YDH","YJM1573;YJS6921;SACE_YDI","YJM1574;YJS6922;SACE_YDJ","YJM1592;YJS6923;SACE_YDK","","",";FY4;FY4","","","",""

M2_A,1,2,3,4,5,6,7,8,9,10,11,12
A,";FY4;FY4","B1;YJS100;ASP","M1;YJS113;ASR","M5;YJS114;ASS","M6;YJS115;AST","M9;YJS116;ASV","PR;YJS123;ATA","YJM308;YJS150;ATC","YJM339;YJS151;ATD","YJM627;YJS167;ATE","UC4;YJS198;ATH","UC10;YJS208;ATM"
B,"Y4;YJS213;ATN",";FY4;FY4","Y5;YJS216;ATP","YJM1419;YJS254;SACE_YCS","CECT10497;YJS451;ATQ","CECT10120;YJS454;ATR","CECT10131;YJS456;ATS","CECT10711;YJS470;AVC","CECT10712;YJS471;AVD","CECT1478;YJS475;AVH","CLIB340;YJS552;ASL","CLIB630;YJS555;ASN"
C,"YJM978;YJS678;SACE_YBB","YJM975;YJS680;SACE_YBA",";FY4;FY4","CLIB274_1;YJS1301;AAN","CLIB326_1;YJS1302;AAP","YJM428_1b;YJS1311;ABD","CLIB208_1;YJS1355;ADK","CLIB318_1;YJS1356;ADL","CLIB324_2;YJS1357;ADM","Y6_b;YJS1359;ADP","T73_1b;YJS1362;ADS","W303;YJS2504;SACE_GAV"
D,"SK1;YJS2507;SACE_GAL","L1528;YJS2509;SACE_GAP","UWOPS83-787_3;YJS2513;SACE_GAS",";FY4;FY4","UWOPS87-2421;YJS2514;SACE_GAT","UWOPS05_227_2;YJS2517;SACE_MAL","378604X;YJS2519;SACE_MAB","273614N;YJS2520;SACE_MAA","CBS400;YJS2901;APQ","CBS403;YJS2902;APR","CBS423;YJS2904;APS","CBS459;YJS2906;APT"
E,"CBS1250;YJS2907;APV","CBS4903;YJS2925;AQA","CBS5112;YJS2926;AQB","CBS5155;YJS2927;AQC",";FY4;FY4","CBS5378;YJS2928;AQD","CBS6006;YJS2931;AQE","CBS7539;YJS2941;AQG","CBS8292;YJS2956;AQI","CBS2165a;YJS2973;AAC","CBS420;YJS2974;AQM","CBS435;YJS2976;AQN"
F,"CBS436a;YJS2977;AAD","CBS462;YJS2981;AQP","CBS1175;YJS2983;AQQ","CBS1190;YJS2985;AQR","CBS1196;YJS2990;AQS",";FY4;FY4","CBS1257;YJS3004;ARC","CBS1398;YJS3016;ARE","CBS1576;YJS3031;ARG","CBS1592;YJS3036;ARH","CBS1593;YJS3037;ARI","CBS1602;YJS3039;ARK"
G,"CBS2087;YJS3051;ARL","CBS2188;YJS3060;ARM","CBS2270;YJS3063;ARP","CBS2271;YJS3064;ARQ","CBS2272;YJS3065;ARR","CBS2421;YJS3069;ARS",";FY4;FY4","CBS2808;YJS3075;ART","CBS2965;YJS3079;ARV","CBS4255;YJS3092;ASB","CBS4507;YJS3097;ASD","CBS4667;YJS3098;ASE"
H,"CBS1489;YJS3134;ASG","CBS1394;YJS3317;AEL","CBS4454;YJS3319;AEN","CBS1508;YJS3320;AEP","CBS6216;YJS3329;AEV","CBS6503;YJS3331;AFA","CBS7764;YJS3334;AFC",";FY4;FY4","CBS8291;YJS3337;AFE","CBS1236-a;YJS3338;AAL","CBS2992;YJS3350;AFK","CBS6505;YJS3356;AFP"

M2_B,1,2,3,4,5,6,7,8,9,10,11,12
A,";FY4;FY4","CBS1173;YJS3363;AFS","CBS2814;YJS3365;AFV","CBS3012;YJS3366;AGA","CBS6308;YJS3367;AGB","CBS1385;YJS3373;AGE","CBS1480;YJS3378;AGG","CBS1590;YJS3381;AGI","CBS5835;YJS3448;AHP","CBS2909;YJS3463;AID","CBS457;YJS3469;AIF","C6.1;YJS4000;AII"
B,"C15.1;YJS4001;AIK",";FY4;FY4","C10.4;YJS4002;AIL","E4;YJS4003;AIM","MC5;YJS4004;AIN","MC6;YJS4005;AIP","MC7;YJS4006;AIQ","MC8;YJS4007;AIR","MC10;YJS4009;AIT","NPA07.1;YJS4012;AKB","NPA03.1;YJS4015;AKE","NPA06.1;YJS4017;AKG"
C,"NPA02-1;YJS4018;AKH","DBVPG6044;YJS4019;AKI",";FY4;FY4","K12;YJS4021;AKL","UWOPS03-461.4;YJS4022;AKM","YPS128;YJS4023;AKN","CLQCA_02-003;YJS4024;AKP","CLQCA_04-021;YJS4025;AKQ","CLQCA_05-006;YJS4026;AKR","CLQCA_09-001;YJS4027;AKS","CLQCA_10-003;YJS4028;AKT","CLQCA_10-027;YJS4029;AKV"
D,"CLQCA_10-619;YJS4030;ALA","CLQCA_10-620;YJS4031;ALB","CLQCA_11-024;YJS4032;ALC",";FY4;FY4","CLQCA_13-023;YJS4033;ALD","CLQCA_17-060;YJS4034;ALE","CLQCA_18-003;YJS4036;ALG","CLQCA_19-011;YJS4037;ALH","CLQCA_20-060;YJS4038;ALI","CLQCA_24SC-235;YJS4039;ALK","21/04/99;YJS4040;ALL","21-4-101;YJS4041;ALM"
E,"21-4-103;YJS4042;ALN","21-4-105;YJS4043;ALP","21-4-111;YJS4044;ALQ","21-4-116;YJS4046;ALS",";FY4;FY4","21-4-122;YJS4047;ALT","IY_03-5-30-1-1-1_(1);YJS4050;AMB","IY_03-5-26-5-1-1_(1);YJS4051;AMC","ES4M07;YJS4052;AMD","ES2M03;YJS4054;AMF","EN14S01;YJS4056;AMH","SJ5L12;YJS4060;AMM"
F,"SJ5L16;YJS4064;AMR","DBVPG6696;YJS4066;ANA","YPS129;YJS4068;ANC","YPS133;YJS4069;AND","YPS134;YJS4070;ANE",";FY4;FY4","YPS139;YJS4071;ANF","YPS141;YJS4072;ANG","YPS142;YJS4073;ANH","YPS143;YJS4074;ANI","YPS154;YJS4075;ANK","AY529516;YJS4078;ANN"
G,"UWOPS83-883-2;YJS4079;ANP","L-1191;YJS4080;ANQ","RIB0001;YJS4081;ANR","RIB0002;YJS4082;ANS","RIB0003;YJS4083;ANT","RIB0004;YJS4084;ANV",";FY4;FY4","RIB0005;YJS4085;APA","RIB1001;YJS4087;APC","RIB1002;YJS4088;APD","RIB1003;YJS4089;APE","RIB1004;YJS4090;APF"
H,"YS20;YJS4093;API","YS11(E);YJS4095;APL","STG_1;YJS4351;CLB","STG_2;YJS4352;CLC","STG_3;YJS4355;CLD","EXF-3387;YJS4401;BEP","EXF-4126;YJS4402;BEQ",";FY4;FY4","EXF-5042;YJS4404;BER","EXF-5046;YJS4406;BES","EXF-5247;YJS4407;BET","EXF-5248;YJS4408;BEV"

M2_C,1,2,3,4,5,6,7,8,9,10,11,12
A,";FY4;FY4","EXF-5284;YJS4409;BFA","EXF-5287;YJS4410;BFB","EXF-5295;YJS4412;BFC","EXF-5297;YJS4413;BFD","EXF-5871;YJS4420;BFH","EXF-6761;YJS4424;BFK","EXF-6780;YJS4425;BFL","EXF-7145;YJS4428;BFN","EXF-7197;YJS4429;BFP","YS15;YJS4500;APM","HN10;YJS4502;BAM"
B,"CCY_21-4-98;YJS4503;BBE",";FY4;FY4","2187;YJS4504;BBS","HE011;YJS4505;BCK","#36;YJS4506;BDC","CEY616;YJS4507;BDQ","HN15;YJS4510;BAN","CCY_21-4-102;YJS4511;BBF","HE012;YJS4513;BCL","#13;YJS4514;BDD","CEY617;YJS4515;BDR","YPS163;YJS4516;AVI"
C,"HN16;YJS4518;BAP","2282;YJS4520;BBV",";FY4;FY4","HE013;YJS4521;BCM","CEY618;YJS4523;BDS","L-1194;YJS4524;AVK","HN19;YJS4526;BAQ","CCY_21-4-119;YJS4527;BBH","2644;YJS4528;BCA","#57;YJS4530;BDF","CEY619;YJS4531;BDT","RIB6008;YJS4532;AVL"
D,"PB56;YJS4534;BAR","CCY_21-4-120;YJS4535;BBI","HE001;YJS4536;BCB",";FY4;FY4","HE016;YJS4537;BCP","#58;YJS4538;BDG","CEY620;YJS4539;BDV","RIB6009;YJS4540;AVM","PB67;YJS4542;BAS","CCY_21-4-121;YJS4543;BBK","HE004;YJS4544;BCC","HE020;YJS4545;BCQ"
E,"#59;YJS4546;BDH","CEY621;YJS4547;BEA","DJ74;YJS4549;BAF","PB94;YJS4550;BAT",";FY4;FY4","IMB-53;YJS4551;BBL","HE005;YJS4552;BCD","#60;YJS4554;BDI","CEY622;YJS4555;BEB","SX1;YJS4557;BAG","PB137;YJS4558;BAV","908;YJS4559;BBM"
F,"HE006;YJS4560;BCE","#03;YJS4561;BCS","#63;YJS4562;BDK","CEY623;YJS4563;BEC","SX3;YJS4565;BAH",";FY4;FY4","PB197;YJS4566;BBA","HE007;YJS4568;BCF","#05;YJS4569;BCT","CLQCA_10-386;YJS4570;BDL","CEY624;YJS4571;BED","BJ6;YJS4573;BAI"
G,"PB200;YJS4574;BBB","1663;YJS4575;BBP","HE008;YJS4576;BCG","#33;YJS4577;BCV","MAJ_A;YJS4578;BDM","CEY625;YJS4579;BEE",";FY4;FY4","BJ20;YJS4581;BAK","2162;YJS4583;BBQ","HE009;YJS4584;BCH","#34;YJS4585;BDA","MAJ_G;YJS4586;BDN"
H,"CLIB413;YJS4587;BEF","HN6;YJS4589;BAL","CCY_21-4-97;YJS4590;BBD","2163;YJS4591;BBR","HE010;YJS4592;BCI","#35;YJS4593;BDB","CEY615;YJS4594;BDP",";FY4;FY4","CLIB414;YJS4595;BEG","CLIB415;YJS4596;BEH","CLIB550;YJS4597;BGB","CLIB562;YJS4598;BGP"

M2_D,1,2,3,4,5,6,7,8,9,10,11,12
A,";FY4;FY4","CLIB1070;YJS4599;BHG","DBVPG1014;YJS4600;BHV","DBVPG1122;YJS4601;BIM","DBVPG1380;YJS4602;BKE","DBVPG1595;YJS4603;BKS","CLIB551;YJS4605;BGC","CLIB563;YJS4606;BGQ","CLIB1071;YJS4607;BHH","DBVPG1029;YJS4608;BIA","DBVPG1123;YJS4609;BIN","DBVPG1473;YJS4610;BKF"
B,"DBVPG1596;YJS4611;BKT",";FY4;FY4","CLIB552;YJS4613;BGD","CLIB564;YJS4614;BGR","CLIB1072;YJS4615;BHI","DBVPG1041;YJS4616;BIB","DBVPG1125;YJS4617;BIP","DBVPG1490;YJS4618;BKG","CLIB553;YJS4621;BGE","CLIB631;YJS4622;BGS","CLIB1077;YJS4623;BHK","DBVPG1056;YJS4624;BIC"
C,"DBVPG1523;YJS4626;BKH","DBVPG1599;YJS4627;BLA",";FY4;FY4","CLIB554;YJS4629;BGF","CLIB648;YJS4630;BGT","CLIB1082;YJS4631;BHL","DBVPG1058;YJS4632;BID","DBVPG1127;YJS4633;BIR","DBVPG1554;YJS4634;BKI","DBVPG1601;YJS4635;BLB","CLIB555;YJS4637;BGG","CLIB649;YJS4638;BGV"
D,"CLIB1085;YJS4639;BHM","DBVPG1074;YJS4640;BIE","DBVPG1129;YJS4641;BIS",";FY4;FY4","DBVPG1555;YJS4642;BKK","DBVPG1606;YJS4643;BLC","CLIB484;YJS4644;BFQ","CLIB556;YJS4645;BGH","CLIB1410;YJS4647;BHN","DBVPG1076;YJS4648;BIF","DBVPG1145;YJS4649;BIT","DBVPG1564;YJS4650;BKL"
E,"DBVPG1608;YJS4651;BLD","CLIB485;YJS4652;BFR","CLIB557;YJS4653;BGI","CLIB889;YJS4654;BHB",";FY4;FY4","CLIB1411;YJS4655;BHP","DBVPG1080;YJS4656;BIG","DBVPG1577;YJS4658;BKM","DBVPG1611;YJS4659;BLE","CLIB546;YJS4660;BFS","CLIB558;YJS4661;BGK","CLIB1040;YJS4662;BHC"
F,"CLIB1412;YJS4663;BHQ","DBVPG1105;YJS4664;BIH","DBVPG1163;YJS4665;BKA","DBVPG1580;YJS4666;BKN","DBVPG1615;YJS4667;BLF",";FY4;FY4","CLIB547;YJS4668;BFT","CLIB559;YJS4669;BGL","CLIB1059;YJS4670;BHD","CLIB1413;YJS4671;BHR","DBVPG1106;YJS4672;BII","DBVPG1581;YJS4674;BKP"
G,"DBVPG1625;YJS4675;BLG","CLIB548;YJS4676;BFV","CLIB560;YJS4677;BGM","CLIB1060;YJS4678;BHE","CLIB1414;YJS4679;BHS","DBVPG1107;YJS4680;BIK",";FY4;FY4","DBVPG1339;YJS4681;BKC","DBVPG1584;YJS4682;BKQ","DBVPG1626;YJS4683;BLH","CLIB549;YJS4684;BGA","CLIB561;YJS4685;BGN"
H,"CLIB1062;YJS4686;BHF","CLIB1083;YJS4687;BHT","DBVPG1108;YJS4688;BIL","DBVPG1374;YJS4689;BKD","DBVPG1594;YJS4690;BKR","DBVPG1629;YJS4691;BLI","DBVPG1631;YJS4692;BLK",";FY4;FY4","DBVPG1632;YJS4693;BLL","DBVPG1656;YJS4694;BLM","DBVPG1659;YJS4695;BLN","DBVPG1661;YJS4696;BLP"

M3_A,1,2,3,4,5,6,7,8,9,10,11,12
A,";FY4;FY4","DBVPG1669;YJS4697;BLQ","DBVPG1973;YJS4698;BLR","DBVPG1975;YJS4699;BLS","N19-1C;YJS4700;CCL","N493-2C;YJS4701;CCM","VKM_Y-504:S;YJS4702;CCN","IFO_0877:6-1;YJS4703;CCP","Ksc2-2B;YJS4704;CCQ","Ksc40-8A;YJS4705;CCR","Ksc73-2D;YJS4706;CCS","S11F3-6B;YJS4707;CCT"
B,"S8BM-30-2D;YJS4708;CCV",";FY4;FY4","ATCC_66348-1D;YJS4710;CDB","N37-1A;YJS4711;CDC","N38-4A;YJS4712;CDD","N39-7A;YJS4713;CDE","N22.00-5D;YJS4714;CDF","N3.00-7A;YJS4715;CDG","N159.01-2B;YJS4716;CDH","N163.01-5A;YJS4717;CDI","N51-1A;YJS4719;CDL","UFRJ_50613-2D(a);YJS4720;CDM"
C,"UCD_61-190-6A;YJS4721;CDN","N95-5-1A;YJS4722;CDP",";FY4;FY4","N95-6-1C;YJS4723;CDQ","CECT10331:9-1;YJS4724;CDR","CECT10351-1B;YJS4725;CDS","CECT10171-5B;YJS4726;CDT","DBVPG1616-1D;YJS4727;CDV","DBVPG1620-1A;YJS4730;CEC","DBVPG1621-5A;YJS4731;CED","DBVPG1622-8B;YJS4732;CEE","DBVPG1623-2A;YJS4733;CEF"
D,"EM14S01-3B;YJS4734;CEG","ES2M03-7A;YJS4735;CEH","GE14S01-7B;YJS4736;CEI",";FY4;FY4","JCM_2985-4B;YJS4737;CEK","JCM_3529-7B;YJS4738;CEL","ATCC_38618:2-2;YJS4740;CEN","ATCC_52922-1C;YJS4741;CEP","MUCL_30909-2C;YJS4742;CEQ","N34:2-4(a);YJS4743;CER","N26-1-10:7-5(a);YJS4744;CES","N134:7-1(a);YJS4745;CET"
E,"Dji2-2A(a);YJS4747;CFA","ho_SB;YJS4758;CFB","WLP099;YJS4802;CFE","WLP570;YJS4803;CFF",";FY4;FY4","YJM270;YJS4900;SACE_YAF","YJM1129;YJS4902;SACE_YDO","YJM189;YJS4903;SACE_YAA","YJM193;YJS4904;SACE_YAB","YJM195;YJS4905;SACE_YAC","YJM244;YJS4906;SACE_YAD","YJM248;YJS4907;SACE_YAE"
F,"YJM271;YJS4908;SACE_YAG","YJM450;YJS4911;SACE_YAK","YJM453;YJS4912;SACE_YAM","YJM456;YJS4913;SACE_YAN","YJM541;YJS4915;SACE_YAP",";FY4;FY4","YJM554;YJS4916;SACE_YAQ","YJM555;YJS4917;SACE_YAR","YJM681;YJS4918;SACE_YAT","YJM682;YJS4919;SACE_YAU","YJM683;YJS4920;SACE_YAV","YJM689;YJS4921;SACE_YAW"
G,"YJM693;YJS4922;SACE_YAX","YJM969;YJS4923;SACE_YAY","YJM972;YJS4924;SACE_YAZ","YJM987;YJS4926;SACE_YBE","YJM980;YJS4927;SACE_YBF","YJM993;YJS4928;SACE_YBG",";FY4;FY4","YJM996;YJS4929;SACE_YBH","YJM1078;YJS4930;SACE_YDM","YJM1083;YJS4931;SACE_YDN","YJM1190;YJS4933;SACE_YBJ","YJM1199;YJS4934;SACE_YBK"
H,"YJM1202;YJS4935;SACE_YBL","YJM1250;YJS4936;SACE_YBQ","YJM1252;YJS4937;SACE_YBR","YJM1273;YJS4938;SACE_YBS","YJM1304;YJS4939;SACE_YBT","YJM1307;YJS4940;SACE_YBU","YJM1311;YJS4941;SACE_YBV",";FY4;FY4","YJM1326;YJS4942;SACE_YBW","YJM1332;YJS4943;SACE_YBX","YJM1336;YJS4944;SACE_YBY","YJM1338;YJS4945;SACE_YBZ"

M3_B,1,2,3,4,5,6,7,8,9,10,11,12
A,";FY4;FY4","YJM1341;YJS4946;SACE_YCA","YJM1342;YJS4947;SACE_YCB","YJM1355;YJS4948;SACE_YCC","YJM1356;YJS4949;SACE_YCD","YJM1381;YJS4950;SACE_YCE","YJM1383;YJS4951;SACE_YCF","YJM1385;YJS4952;SACE_YCG","YJM1386;YJS4953;SACE_YCH","YJM1387;YJS4954;SACE_YCI","YJM1389;YJS4955;SACE_YCK","YJM1399;YJS4956;SACE_YCL"
B,"YJM1400;YJS4957;SACE_YCM",";FY4;FY4","YJM1401;YJS4958;SACE_YCN","YJM1402;YJS4959;SACE_YCO","YJM1415;YJS4960;SACE_YCP","YJM1417;YJS4961;SACE_YCQ","YJM1418;YJS4962;SACE_YCR","UCD_40-235;YJS4963;CFQ","UCD_40-248;YJS4964;CFR","UCD_40-346;YJS4966;CFT","UCD_40-49;YJS4967;CFV","UCD_05-780;YJS4969;CGB"
C,"UCD_09-448;YJS4971;CGD","UCD_11-601;YJS4972;CGE",";FY4;FY4","TayTa;YJS5201;CGG","Me7;YJS5203;CGI","Lx2;YJS5204;CGK","BMQ557;YJS5205;CGL","SGB1;YJS5207;CGN","SG4;YJS5208;CGP","RR1a;YJS5209;CGQ","VL5;YJS5210;CGR","Ca6;YJS5211;CGS"
D,"Lib39;YJS5212;CGT","Lib51;YJS5213;CGV","Lib52;YJS5214;CHA",";FY4;FY4","Lib54;YJS5215;CHB","Lib61;YJS5216;CHC","Lib70;YJS5217;CHD","Lib71;YJS5218;CHE","Lib73;YJS5219;CHF","324-6C;YJS5220;CHG","319-5C;YJS5221;CHH","646-3B;YJS5222;CHI"
E,"Win-8B;YJS5223;CHK","SBE-1C;YJS5224;CHL","SBD;YJS5225;CHM","",";FY4;FY4","","","DBVPG1984;YJS5500;BLT","DBVPG3022;YJS5501;BLV","UWOPS03-429.1;YJS5502;BMA","UWOPS03-433.3;YJS5503;BMB","UWOPS03-459.1;YJS5504;BMC"
F,"384103A;YJS5505;BMD","269521J;YJS5507;BMF","YJM984;YJS5509;BMH","YJM989;YJS5510;BMI","YJM990;YJS5511;BMK",";FY4;FY4","CEY646;YJS5513;BMR","CEY647;YJS5514;CQS","CEY649;YJS5516;BMV","CEY650;YJS5517;BNA","CEY651;YJS5518;BNB","CEY652;YJS5519;BNC"
G,"CEY653;YJS5520;BND","DBVPG1057;YJS5521;BNE","DBVPG1078;YJS5522;BNF","2698;YJS5525;BMN","2720;YJS5527;BMQ","DBVPG1685;YJS5528;BNH",";FY4;FY4","DBVPG1699;YJS5529;BNI","DBVPG1701;YJS5530;BNK","DBVPG1708;YJS5531;BNL","DBVPG1711;YJS5532;BNM","DBVPG1712;YJS5533;BNN"
H,"DBVPG1714;YJS5534;BNP","DBVPG1719;YJS5535;BNQ","DBVPG1725;YJS5536;BNR","DBVPG1772;YJS5538;BNT","DBVPG1790;YJS5539;BNV","DBVPG1792;YJS5540;BPA","DBVPG1795;YJS5541;BPB",";FY4;FY4","DBVPG1798;YJS5542;BPC","DBVPG1832;YJS5545;BPF","DBVPG1841;YJS5546;BPG","DBVPG1843;YJS5547;BPH"

M3_C,1,2,3,4,5,6,7,8,9,10,11,12
A,";FY4;FY4","DBVPG1848;YJS5548;BPI","DBVPG1861;YJS5549;BPK","DBVPG1878;YJS5550;BPL","DBVPG1880;YJS5551;BPM","DBVPG1895;YJS5552;BPN","DBVPG1898;YJS5553;BPP","DBVPG1918;YJS5554;BPQ","DBVPG1960;YJS5557;BPT","DBVPG1976;YJS5558;BPV","DBVPG1994;YJS5559;BQA","DBVPG2049;YJS5560;BQB"
B,"DBVPG2088;YJS5561;BQC",";FY4;FY4","DBVPG2166;YJS5563;BQE","DBVPG3098;YJS5565;BQG","DBVPG3100;YJS5566;BQH","DBVPG3924;YJS5567;BQI","DBVPG4162;YJS5570;BQM","DBVPG4186;YJS5571;BQN","DBVPG4297;YJS5572;BQP","DBVPG4317;YJS5573;BQQ","DBVPG4381;YJS5574;BQR","DBVPG4410;YJS5575;BQS"
C,"DBVPG4460;YJS5576;BQT","DBVPG4651;YJS5578;BRA",";FY4;FY4","DBVPG4686;YJS5579;BRB","DBVPG4695;YJS5580;BRC","DBVPG4902;YJS5581;BRD","DBVPG4905;YJS5582;BRE","DBVPG5760;YJS5583;BRF","DBVPG6223;YJS5585;BRH","DBVPG6302;YJS5587;BRK","DBVPG6874;YJS5596;BRV","DBVPG6876;YJS5597;BSA"
D,"DBVPG6877;YJS5598;BSB","DBVPG6878;YJS5599;BSC","DBVPG6879;YJS5600;BSD",";FY4;FY4","DBVPG6880;YJS5601;BSE","DBVPG6295;YJS5603;BSG","D3742;YJS5606;BSK","M57;YJS5607;BSL","SGU89;YJS5608;BSM","SG60;YJS5609;BSN","L-1183;YJS5610;BSP","L-846;YJS5611;CRG"
E,"L-958;YJS5612;BSR","L-960;YJS5613;BSS","L-962;YJS5614;BST","L-982;YJS5615;CQT",";FY4;FY4","79;YJS5618;BTC","YS22(E);YJS5621;BTF","ZP_567;YJS5622;BTG","ZP_577;YJS5623;BTH","ZP_611;YJS5624;BTI","L-304;YJS5626;BTL","L-319;YJS5627;CRH"
F,"L-475;YJS5628;BTN","L-1198;YJS5629;BTP","L-1201;YJS5631;BTR","RIB1005;YJS5632;BTS","M.9.1;YJS5633;BTT",";FY4;FY4","M.14.1;YJS5634;BTV","RP.10.4;YJS5635;BVA","RP.10.13;YJS5636;BVB","RP.10.14;YJS5637;BVC","SM.9.1.AL1;YJS5638;BVD","SM.9.2.BR3(L);YJS5640;BVF"
G,"SM.9.4.BL2;YJS5641;BVG","SM.9.4.BR1;YJS5642;BVH","AGME_5I;YJS5643;CRI","4LBI-3;YJS5644;BVK","E1-6;YJS5645;CRK","SA6-31;YJS5646;BVM",";FY4;FY4","CD7-9Sv2;YJS5647;CQV","RB3-7Sc2;YJS5648;CRA","SC2-37;YJS5649;CRB","Ba-215;YJS5650;CRC","FIMA_3;YJS5651;CRD"
H,"B-24;YJS5652;BVT","ao_t-15;YJS5653;BVV","mai-18;YJS5654;CAA","11-ao_t;YJS5655;CAB","A-12;YJS5656;CAC","nov-18;YJS5657;CAD","B-4;YJS5658;CAE",";FY4;FY4","C-3;YJS5659;CAF","C-6;YJS5660;CRL","D-1;YJS5661;CAH","D-4;YJS5662;CAI"

M3_D,1,2,3,4,5,6,7,8,9,10,11,12
A,";FY4;FY4","A-16;YJS5663;CAK","A-19;YJS5664;CAL","09-juil;YJS5665;CAM","08-mars;YJS5666;CAN","11-f_vr;YJS5667;CAP","05-f_vr;YJS5668;CAQ","A-9;YJS5669;CAR","B-17;YJS5670;CAS","C-12;YJS5671;CAT","B-13;YJS5672;CAV","A-14;YJS5673;CBA"
B,"01-sept;YJS5674;CBB",";FY4;FY4","D-18;YJS5675;CBC","B-11;YJS5676;CBD","D-21;YJS5677;CBE","DBVPG1978;YJS5679;CBG","DBVPG3051;YJS5680;CBH","DBVPG4036;YJS5681;CBI","2;YJS5683;CBL","3;YJS5684;CBM","NCYC_88;YJS5685;CBN","CLQCA_20-156;YJS5694;CCC"
C,"CLQCA_20-184;YJS5695;CCD","CLQCA_20-221;YJS5696;CCE",";FY4;FY4","CLQCA_20-246;YJS5697;CCF","CLQCA_20-259;YJS5698;CCG","CLQCA_20-314;YJS5699;CCH","CLQCA_20-248;YJS5700;CCI","SC,29,F.;YJS5826;CHR","SC,32,F.;YJS5829;CHS","SC,33,F.;YJS5830;CHT","SRC,120;YJS5832;CHV","SRC,147;YJS5833;CIA"
D,"SRC,213;YJS5834;CIB","Ponton,11;YJS5845;CIC","Ponton,12;YJS5846;CID",";FY4;FY4","Ponton,14;YJS5848;CIF","PB11;YJS5859;CIG","PB12;YJS5860;CIH","PB13;YJS5861;CII","PB14;YJS5862;CIK","PB15;YJS5863;CIL","CLI_1;YJS5864;CIM","CLI_2;YJS5865;CIN"
E,"CLI_3;YJS5866;CIP","CLI_4;YJS5867;CIQ","CLI_5;YJS5868;CIR","CLI_6;YJS5869;CIS",";FY4;FY4","CLI_7;YJS5870;CIT","CLI_8;YJS5871;CIV","CLI_9;YJS5872;CKA","CLI_10;YJS5873;CKB","CLI_11;YJS5874;CKC","CLI_12;YJS5875;CKD","CLI_13;YJS5877;CKE"
F,"CLI_14;YJS5878;CKF","UL,G84F88I90;YJS5879;CKG","ultra,lev.,1127;YJS5880;CKH","CLI_15;YJS5881;CKI","CLI_17;YJS5883;CKL",";FY4;FY4","CLI_18;YJS5884;CKM","CLI_19;YJS5885;CKN","CLI_20;YJS5886;CKP","CLI_21;YJS5887;CKQ","CLI_22;YJS5888;CKR","CLI_24;YJS5890;CKT"
G,"CLI_25;YJS5891;CKV","NCYC_2966;YJS5900;CLG","NCYC_2743;YJS5901;CLH","K5;YJS5902;CLI","K9;YJS5903;CLK","K10;YJS5904;CLL",";FY4;FY4","K13;YJS5905;CLM","K14;YJS5906;CLN","K15;YJS5907;CLP","RIB1008;YJS5909;CLR","RIB1010;YJS5910;CLS"
H,"RIB1011;YJS5911;CLT","RIB1012;YJS5912;CLV","RIB1014;YJS5914;CMB","RIB1015;YJS5915;CMC","RIB1016;YJS5916;CMD","RIB1017;YJS5917;CME","RIB6001;YJS5918;CMF",";FY4;FY4","RIB6003;YJS5920;CMH","RIB6004;YJS5921;CMI","RIB6005;YJS5922;CMK","RIB6006;YJS5923;CML"

